-- Suppression des données existantes
TRUNCATE TABLE Evaluation, Dessin, ParticipeCompetiteur, ParticipeClub, MembreJury, Concours, Dirige, Administrateur, Directeur, Competiteur, Evaluateur, President, Utilisateur, Club RESTART IDENTITY CASCADE;


INSERT INTO Club (numClub, nomClub, adresse, numTelephone, nombreAdherents, ville, departement, region) VALUES
(1, 'Club des Artistes', '12 rue des Lilas', '0102030405', 75, 'Lyon', 69, 'Auvergne-Rhône-Alpes'),
(2, 'Atelier du Crayon', '22 avenue Victor Hugo', '0607080910', 54, 'Paris', 75, 'Île-de-France'),
(3, 'Club Couleur & Vie', '5 rue des Peupliers', '0203040506', 68, 'Toulouse', 31, 'Occitanie'),
(4, 'Art & Passion', '33 boulevard Carnot', '0405060708', 80, 'Lille', 59, 'Hauts-de-France'),
(5, 'Les Croqueurs', '7 rue des Fleurs', '0506070809', 45, 'Nantes', 44, 'Pays de la Loire'),
(6, 'Club Palette Libre', '18 rue du Lac', '0708091011', 63, 'Annecy', 74, 'Auvergne-Rhône-Alpes'),
(7, 'Les Maîtres Crayons', '88 avenue de la Plage', '0605040302', 92, 'Marseille', 13, 'Provence-Alpes-Côte d''Azur'),
(8, 'Les Esquisseurs', '3 rue du Château', '0807060504', 55, 'Bordeaux', 33, 'Nouvelle-Aquitaine'),
(9, 'Couleurs Urbaines', '12 avenue de la Gare', '0302010405', 60, 'Rennes', 35, 'Bretagne'),
(10, 'Studio Graphique', '55 rue Victor Basch', '0205060807', 48, 'Dijon', 21, 'Bourgogne-Franche-Comté');


-- 1 2 3 4 6 7 9 10 11 12 14 15 17 18 19 20 22 24 25 26 27 28 29 30 31 32 33 34 35 36 37 38 39 40 41 42

INSERT INTO Utilisateur (numUtilisateur, nom, prenom, age, adresse, login, motDePasse, numClub) VALUES
(1, 'Dupont', 'Alice', 25, '10 rue des Lilas', 'alice.d', 'mdp1', 2),
(2, 'Martin', 'Lucas', 32, '12 avenue de Paris', 'lucas.m', 'mdp2', 1),
(3, 'Petit', 'Emma', 29, '3 rue des Champs', 'emma.p', 'mdp3', 2),
(4, 'Lefevre', 'Hugo', 41, '15 boulevard Carnot', 'hugo.l', 'mdp4', 1),
(5, 'Morel', 'Clara', 23, '2 rue du Lac', 'clara.m', 'mdp5', 3),
(6, 'Lambert', 'Maxime', 35, '7 place des Fleurs', 'maxime.l', 'mdp6', 2),
(7, 'Fontaine', 'Lea', 28, '9 avenue des Peupliers', 'lea.f', 'mdp7', 1),
(8, 'Rousseau', 'Nathan', 45, '20 rue Victor Hugo', 'nathan.r', 'mdp8', 4),
(9, 'Gauthier', 'Camille', 30, '18 rue des Rosiers', 'camille.g', 'mdp9', 2),
(10, 'Lopez', 'Jules', 38, '1 rue du Stade', 'jules.l', 'mdp10', 2),
(11, 'Perrin', 'Zoe', 26, '17 rue des Prés', 'zoe.p', 'mdp11', 1),
(12, 'Girard', 'Thomas', 33, '14 rue des Arènes', 'thomas.g', 'mdp12', 3),
(13, 'Andre', 'Chloe', 24, '4 rue des Jardins', 'chloe.a', 'mdp13', 7),
(14, 'Marchand', 'Enzo', 40, '5 avenue du Parc', 'enzo.m', 'mdp14', 3),
(15, 'Colin', 'Manon', 27, '8 rue du Moulin', 'manon.c', 'mdp15', 1),
(16, 'Renard', 'Tom', 31, '13 rue des Ecoles', 'tom.r', 'mdp16', 8),
(17, 'Bonnet', 'Sarah', 22, '19 rue du Château', 'sarah.b', 'mdp17', 3),
(18, 'Noel', 'Louis', 36, '11 rue des Alpes', 'louis.n', 'mdp18', 3),
(19, 'Blanchard', 'Pauline', 34, '6 avenue Victor Basch', 'pauline.b', 'mdp19', 1),
(20, 'Millet', 'Adrien', 43, '16 rue des Pyrénées', 'adrien.m', 'mdp20', 2),
(21, 'Roy', 'Eva', 27, '21 rue du Nord', 'eva.r', 'mdp21', 1),
(22, 'Henry', 'Liam', 39, '22 avenue des Tilleuls', 'liam.h', 'mdp22', 3),
(23, 'Lemoine', 'Anna', 30, '23 rue du Soleil', 'anna.l', 'mdp23', 2),
(24, 'Baron', 'Noah', 37, '24 place de la Mairie', 'noah.b', 'mdp24', 3),
(25, 'Guichard', 'Lina', 29, '25 chemin des Vignes', 'lina.g', 'mdp25', 4),
(26, 'Royer', 'Ethan', 33, '26 rue des Pins', 'ethan.r', 'mdp26', 4),
(27, 'Gonzalez', 'Mila', 26, '27 boulevard de la Mer', 'mila.g', 'mdp27', 4),
(28, 'Navarro', 'Gabriel', 40, '28 rue des Coquelicots', 'gabriel.n', 'mdp28', 4),
(29, 'Pires', 'Léa', 25, '29 impasse du Lavoir', 'lea.p', 'mdp29', 4),
(30, 'Jean', 'Mathis', 32, '30 allée des Ormes', 'mathis.j', 'mdp30', 4),
(31, 'Boyer', 'Clémentine', 28, '31 rue du 8 Mai', 'clementine.b', 'mdp31', 5),
(32, 'Masson', 'Axel', 35, '32 avenue des Chênes', 'axel.m', 'mdp32', 5),
(33, 'Chartier', 'Sophie', 24, '33 rue des Châtaigniers', 'sophie.c', 'mdp33', 5),
(34, 'Benoit', 'Aaron', 38, '34 place Saint-Pierre', 'aaron.b', 'mdp34', 5),
(35, 'Lebrun', 'Julia', 31, '35 chemin du Fort', 'julia.l', 'mdp35', 5),
(36, 'Carpentier', 'Nino', 30, '36 avenue Jean Jaurès', 'nino.c', 'mdp36', 5),
(37, 'Marty', 'Clara', 26, '37 rue des Écoles', 'clara.m2', 'mdp37', 6),
(38, 'Paris', 'Lucas', 34, '38 route de Nantes', 'lucas.p', 'mdp38', 6),
(39, 'Bouchet', 'Lison', 23, '39 rue Victor Hugo', 'lison.b', 'mdp39', 6),
(40, 'Fernandez', 'Théo', 41, '40 rue de la République', 'theo.f', 'mdp40', 6),
(41, 'Rodriguez', 'Eva', 30, '41 rue des Lilas', 'eva.r2', 'mdp41', 6),
(42, 'Barbier', 'Maxence', 33, '42 avenue des Peupliers', 'maxence.b', 'mdp42', 6),
(43, 'Gilbert', 'Ambre', 27, '43 boulevard de Lyon', 'ambre.g', 'mdp43', 2),
(44, 'Hubert', 'Mael', 36, '44 chemin des Prés', 'mael.h', 'mdp44', 2),
(45, 'Besson', 'Margaux', 28, '45 rue du Port', 'margaux.b', 'mdp45', 3),
(46, 'Leclerc', 'Hugo', 31, '46 avenue du Lac', 'hugo.l2', 'mdp46', 3),
(47, 'Picard', 'Alicia', 24, '47 place du Marché', 'alicia.p', 'mdp47', 4),
(48, 'Deschamps', 'Noé', 29, '48 rue des Champs', 'noe.d', 'mdp48', 4),
(49, 'Perrot', 'Celia', 26, '49 impasse des Platanes', 'celia.p', 'mdp49', 5),
(50, 'Payet', 'Enzo', 34, '50 avenue de Toulouse', 'enzo.p', 'mdp50', 5),
(51, 'Langlois', 'Lucie', 23, '51 rue des Prés', 'lucie.l', 'mdp51', 6),
(52, 'Boulanger', 'Antoine', 39, '52 chemin du Canal', 'antoine.b', 'mdp52', 6),
(53, 'Marin', 'Jeanne', 25, '53 rue du Parc', 'jeanne.m', 'mdp53', 7),
(54, 'Delattre', 'Tom', 32, '54 boulevard des Alpes', 'tom.d', 'mdp54', 7),
(55, 'Hamel', 'Elisa', 30, '55 route de Dijon', 'elisa.h', 'mdp55', 8),
(56, 'Jacquet', 'Victor', 28, '56 rue de la Liberté', 'victor.j', 'mdp56', 8),
(57, 'Menard', 'Ines', 26, '57 avenue des Pins', 'ines.m', 'mdp57', 9),
(58, 'Guillet', 'Raphael', 35, '58 rue du Stade', 'raphael.g', 'mdp58', 9),
(59, 'Marchal', 'Chloe', 27, '59 rue du Lac', 'chloe.m', 'mdp59', 10),
(60, 'Da Silva', 'Leo', 38, '60 chemin des Vergers', 'leo.d', 'mdp60', 10),
(61, 'Morin', 'Eva', 24, '61 rue des Violettes', 'eva.m', 'mdp61', 1),
(62, 'Giraud', 'Noa', 31, '62 route du Sud', 'noa.g', 'mdp62', 1),
(63, 'Adam', 'Lola', 29, '63 boulevard Haussmann', 'lola.a', 'mdp63', 2),
(64, 'Chevalier', 'Eliott', 33, '64 rue des Vignes', 'eliott.c', 'mdp64', 2),
(65, 'Bertin', 'Jade', 26, '65 avenue des Tilleuls', 'jade.b', 'mdp65', 3),
(66, 'Dupuis', 'Nolan', 35, '66 place des Marronniers', 'nolan.d', 'mdp66', 3),
(67, 'Le Gall', 'Sarah', 28, '67 rue des Oliviers', 'sarah.lg', 'mdp67', 4),
(68, 'Valentin', 'Timéo', 30, '68 route du Littoral', 'timeo.v', 'mdp68', 4),
(69, 'Maillard', 'Louise', 27, '69 impasse de la Source', 'louise.m', 'mdp69', 5),
(70, 'Lemoine', 'Evan', 36, '70 rue de l’Église', 'evan.l', 'mdp70', 5),
(71, 'Arnaud', 'Nina', 25, '71 rue du Général Leclerc', 'nina.a', 'mdp71', 6),
(72, 'Charles', 'Mathéo', 34, '72 avenue Gambetta', 'matheo.c', 'mdp72', 6),
(73, 'Poulain', 'Romane', 29, '73 chemin des Écoliers', 'romane.p', 'mdp73', 7),
(74, 'Leclercq', 'Baptiste', 30, '74 rue des Peupliers', 'baptiste.l', 'mdp74', 7),
(75, 'Collet', 'Lena', 23, '75 place du 14 Juillet', 'lena.c', 'mdp75', 8),
(76, 'Michaud', 'Amir', 39, '76 rue des Étangs', 'amir.m', 'mdp76', 8),
(77, 'Hoarau', 'Anais', 28, '77 avenue du Maréchal Juin', 'anais.h', 'mdp77', 9),
(78, 'Pierre', 'Hassan', 31, '78 route de Bordeaux', 'hassan.p', 'mdp78', 9),
(79, 'Jourdan', 'Elsa', 27, '79 rue du Cerisier', 'elsa.j', 'mdp79', 10),
(80, 'Philippe', 'Malik', 33, '80 rue de Bretagne', 'malik.p', 'mdp80', 10),
(81, 'Texier', 'Sami', 29, '81 avenue du Président', 'sami.t', 'mdp81', 1),
(82, 'Maury', 'Amandine', 26, '82 rue des Arts', 'amandine.m', 'mdp82', 2),
(83, 'Gros', 'Yanis', 31, '83 rue de la Gare', 'yanis.g', 'mdp83', 3),
(84, 'Jacques', 'Louna', 28, '84 impasse des Sources', 'louna.j', 'mdp84', 4),
(85, 'Noel', 'Mehdi', 34, '85 rue des Lilas', 'mehdi.n', 'mdp85', 5),
(86, 'Paul', 'Nina', 27, '86 avenue de Provence', 'nina.p', 'mdp86', 6),
(87, 'Maurice', 'Lenny', 30, '87 rue des Vignes', 'lenny.m', 'mdp87', 7),
(88, 'Pascal', 'Maëlys', 25, '88 rue du Verger', 'maelys.p', 'mdp88', 8),
(89, 'Clement', 'Matteo', 32, '89 rue de la Liberté', 'matteo.c', 'mdp89', 9),
(90, 'Boulay', 'Julie', 24, '90 avenue du Centre', 'julie.b', 'mdp90', 10),
(91, 'Loiseau', 'Ayoub', 27, '91 rue Jean Moulin', 'ayoub.l', 'mdp91', 1),
(92, 'Besnard', 'Anaelle', 33, '92 avenue des Lilas', 'anaelle.b', 'mdp92', 2),
(93, 'Albert', 'Youssef', 35, '93 route de Marseille', 'youssef.a', 'mdp93', 3),
(94, 'Fleury', 'Emma', 28, '94 rue du Quai', 'emma.f2', 'mdp94', 4),
(95, 'Hebert', 'Ilies', 30, '95 impasse des Myosotis', 'ilies.h', 'mdp95', 5),
(96, 'Nicolas', 'Claire', 26, '96 place des Érables', 'claire.n', 'mdp96', 6),
(97, 'Carre', 'Nathan', 31, '97 rue du Faubourg', 'nathan.c', 'mdp97', 7),
(98, 'Marchand', 'Océane', 29, '98 rue des Hortensias', 'oceane.m', 'mdp98', 8),
(99, 'Bailly', 'Ryan', 34, '99 avenue des Acacias', 'ryan.b', 'mdp99', 9),
(100, 'Gay', 'Elsie', 25, '100 boulevard Pasteur', 'elsie.g', 'mdp100', 10);


INSERT INTO President (numPresident, prime) VALUES
(1, 500),
(2, 600),
(3, 550),
(4, 620),
(5, 500),
(6, 650),
(7, 700),
(8, 550);


INSERT INTO Evaluateur (numEvaluateur, specialite) VALUES
(1, 'Illustration'),
(2, 'Peinture'),
(3, 'Sculpture'),
(6, 'Photographie'),
(8, 'Dessin numérique'),
(9, 'Street Art'),
(13, 'Art numérique'),
(15, 'Arts décoratifs'),
(17, 'Art conceptuel'),
(18, 'Gravure'),
(19, 'Mosaïque'),
(20, 'Performance artistique'),
(21, 'Calligraphie'),
(23, 'Collage'),
(25, 'Installation'),
(27, 'Vidéo d’art'),
(30, 'Céramique'),
(33, 'Art textile'),
(36, 'Gravure sur bois'),
(40, 'Peinture sur soie');


INSERT INTO Competiteur (numCompetiteur, datePremParticipation) VALUES
(7, '2023-03-02'),  -- Premier dessin (1)
(15, '2023-03-03'), -- Premier dessin (2)
(2, '2023-03-05'),  -- Premier dessin (3)
(19, '2023-03-07'), -- Premier dessin (4)
(11, '2023-03-08'), -- Premier dessin (5)
(4, '2023-03-10'),  -- Premier dessin (6)
(10, '2023-03-11'), -- Premier dessin (7)
(6, '2023-03-12'),  -- Premier dessin (8)
(3, '2023-03-14'),  -- Premier dessin (9)
(20, '2023-03-15'), -- Premier dessin (10)
(1, '2023-03-17'),  -- Premier dessin (11)
(9, '2023-03-18'),  -- Premier dessin (12)
(12, '2023-03-19'), -- Premier dessin (13)
(17, '2023-03-20'), -- Premier dessin (14)
(14, '2023-03-21'), -- Premier dessin (15)
(18, '2023-03-22'), -- Premier dessin (16)
(5, '2023-03-01'),  -- N'a jamais déposé de dessin
(8, '2023-03-01'),  -- N'a jamais déposé de dessin
(13, '2023-03-01'), -- N'a jamais déposé de dessin
(16, '2023-03-01'), -- N'a jamais déposé de dessin
(21, '2023-03-01'), -- N'a jamais déposé de dessin
(22, '2023-03-23'), -- Premier dessin (17)
(23, '2023-03-01'), -- N'a jamais déposé de dessin
(24, '2023-03-24'), -- Premier dessin (18)
(25, '2023-03-25'), -- Premier dessin (19)
(26, '2023-03-26'), -- Premier dessin (20)
(27, '2023-03-27'), -- Premier dessin (21)
(28, '2023-03-28'), -- Premier dessin (22)
(29, '2023-03-29'), -- Premier dessin (23)
(30, '2023-03-30'), -- Premier dessin (24)
(31, '2023-03-31'), -- Premier dessin (25)
(32, '2023-03-02'), -- Premier dessin (26)
(33, '2023-03-04'), -- Premier dessin (27)
(34, '2023-03-06'), -- Premier dessin (28)
(35, '2023-03-09'), -- Premier dessin (29)
(36, '2023-03-13'), -- Premier dessin (30)
(37, '2023-03-16'), -- Premier dessin (31)
(38, '2023-03-19'), -- Premier dessin (32)
(39, '2023-03-23'), -- Premier dessin (33)
(40, '2023-03-26'), -- Premier dessin (34)
(41, '2023-03-29'), -- Premier dessin (35)
(42, '2023-03-31'), -- Premier dessin (36)
(43, '2023-03-01'), -- N'a jamais déposé de dessin
(44, '2023-03-01'), -- N'a jamais déposé de dessin
(45, '2023-03-01'), -- N'a jamais déposé de dessin
(46, '2023-03-01'), -- N'a jamais déposé de dessin
(47, '2023-03-01'), -- N'a jamais déposé de dessin
(48, '2023-03-01'), -- N'a jamais déposé de dessin
(49, '2023-03-01'), -- N'a jamais déposé de dessin
(50, '2023-03-01')  -- N'a jamais déposé de dessin


INSERT INTO Administrateur (numAdministrateur, dateDebut) VALUES
(5, '2023-01-01'),
(13, '2023-02-01'),
(8, '2023-03-01'),
(9, '2023-04-01'),
(10, '2023-05-01'),
(11, '2023-06-01'),
(12, '2023-07-01');


INSERT INTO Directeur (numDirecteur, dateDebut) VALUES
(1, '2023-01-01'),
(3, '2023-02-01'),
(5, '2023-03-01'),
(7, '2023-04-01'),
(9, '2023-05-01'),
(11, '2023-06-01'),
(13, '2023-07-01'),
(15, '2023-08-01'),
(17, '2023-09-01'),
(19, '2023-10-01');


INSERT INTO Dirige (numClub, numDirecteur) VALUES
(1, 1),
(2, 3),
(3, 5),
(4, 7),
(5, 9),
(6, 11),
(7, 13),
(8, 15),
(9, 17),
(10, 19);


INSERT INTO Concours (numConcours, theme, descriptif, dateDebut, dateFin, etat, numPresident) VALUES
(1, 'Printemps 2023', 'Concours du printemps', '2023-03-01', '2023-03-31', 'evalue', 1),
(2, 'Ete 2023', 'Concours de l ete', '2023-06-01', '2023-06-30', 'evalue', 2),
(3, 'Automne 2023', 'Concours de l automne', '2023-09-01', '2023-09-30', 'evalue', 3),
(4, 'Hiver 2023', 'Concours de l hiver', '2023-12-01', '2023-12-31', 'evalue', 4),
(5, 'Printemps 2024', 'Concours du printemps', '2024-03-01', '2024-03-31', 'en_cours', 5),
(6, 'Ete 2024', 'Concours de l ete', '2024-06-01', '2024-06-30', 'non_commence', 6),
(7, 'Automne 2024', 'Concours de l automne', '2024-09-01', '2024-09-30', 'en_attente', 7),
(8, 'Hiver 2024', 'Concours de l hiver', '2024-12-01', '2024-12-31', 'evalue', 8);


INSERT INTO ParticipeClub (numClub, numConcours) VALUES
(1, 1), (2, 1), (3, 1), (4, 1), (5, 1), (6, 1),
(1, 2), (2, 2), (3, 2), (4, 2), (5, 2), (6, 2),
(1, 3), (2, 3), (3, 3), (4, 3), (5, 3), (6, 3),
(1, 4), (2, 4), (3, 4), (4, 4), (5, 4), (6, 4),
(1, 5), (2, 5), (3, 5), (4, 5), (5, 5), (6, 5),
(1, 6), (2, 6), (3, 6), (4, 6), (5, 6), (6, 6),
(1, 7), (2, 7), (3, 7), (4, 7), (5, 7), (6, 7),
(1, 8), (2, 8), (3, 8), (4, 8), (5, 8), (6, 8);


INSERT INTO ParticipeCompetiteur (numCompetiteur, numConcours) VALUES
(7, 1), (15, 1), (2, 1), (19, 1), (11, 1), (4, 1),
(10, 1), (6, 1), (3, 1), (20, 1), (1, 1), (9, 1),
(12, 1), (17, 1), (14, 1), (18, 1), (22, 1), (24, 1),
(25, 1), (26, 1), (27, 1), (28, 1), (29, 1), (30, 1),
(31, 1), (32, 1), (33, 1), (34, 1), (35, 1), (36, 1),
(37, 1), (38, 1), (39, 1), (40, 1), (41, 1), (42, 1),

(7, 2), (15, 2), (2, 2), (19, 2), (11, 2), (4, 2),
(10, 2), (6, 2), (3, 2), (20, 2), (1, 2), (9, 2),
(12, 2), (17, 2), (14, 2), (18, 2), (22, 2), (24, 2),
(25, 2), (26, 2), (27, 2), (28, 2), (29, 2), (30, 2),
(31, 2), (32, 2), (33, 2), (34, 2), (35, 2), (36, 2),
(37, 2), (38, 2), (39, 2), (40, 2), (41, 2), (42, 2),

(7, 3), (15, 3), (2, 3), (19, 3), (11, 3), (4, 3),
(10, 3), (6, 3), (3, 3), (20, 3), (1, 3), (9, 3),
(12, 3), (17, 3), (14, 3), (18, 3), (22, 3), (24, 3),
(25, 3), (26, 3), (27, 3), (28, 3), (29, 3), (30, 3),
(31, 3), (32, 3), (33, 3), (34, 3), (35, 3), (36, 3),
(37, 3), (38, 3), (39, 3), (40, 3), (41, 3), (42, 3),

(7, 4), (15, 4), (2, 4), (19, 4), (11, 4), (4, 4),
(10, 4), (6, 4), (3, 4), (20, 4), (1, 4), (9, 4),
(12, 4), (17, 4), (14, 4), (18, 4), (22, 4), (24, 4),
(25, 4), (26, 4), (27, 4), (28, 4), (29, 4), (30, 4),
(31, 4), (32, 4), (33, 4), (34, 4), (35, 4), (36, 4),
(37, 4), (38, 4), (39, 4), (40, 4), (41, 4), (42, 4),

(7, 5), (15, 5), (2, 5), (19, 5), (11, 5), (4, 5),
(10, 5), (6, 5), (3, 5), (20, 5), (1, 5), (9, 5),
(12, 5), (17, 5), (14, 5), (18, 5), (22, 5), (24, 5),
(25, 5), (26, 5), (27, 5), (28, 5), (29, 5), (30, 5),
(31, 5), (32, 5), (33, 5), (34, 5), (35, 5), (36, 5),
(37, 5), (38, 5), (39, 5), (40, 5), (41, 5), (42, 5),

(7, 6), (15, 6), (2, 6), (19, 6), (11, 6), (4, 6),
(10, 6), (6, 6), (3, 6), (20, 6), (1, 6), (9, 6),
(12, 6), (17, 6), (14, 6), (18, 6), (22, 6), (24, 6),
(25, 6), (26, 6), (27, 6), (28, 6), (29, 6), (30, 6),
(31, 6), (32, 6), (33, 6), (34, 6), (35, 6), (36, 6),
(37, 6), (38, 6), (39, 6), (40, 6), (41, 6), (42, 6),

(7, 7), (15, 7), (2, 7), (19, 7), (11, 7), (4, 7),
(10, 7), (6, 7), (3, 7), (20, 7), (1, 7), (9, 7),
(12, 7), (17, 7), (14, 7), (18, 7), (22, 7), (24, 7),
(25, 7), (26, 7), (27, 7), (28, 7), (29, 7), (30, 7),
(31, 7), (32, 7), (33, 7), (34, 7), (35, 7), (36, 7),
(37, 7), (38, 7), (39, 7), (40, 7), (41, 7), (42, 7),

(7, 8), (15, 8), (2, 8), (19, 8), (11, 8), (4, 8),
(10, 8), (6, 8), (3, 8), (20, 8), (1, 8), (9, 8),
(12, 8), (17, 8), (14, 8), (18, 8), (22, 8), (24, 8),
(25, 8), (26, 8), (27, 8), (28, 8), (29, 8), (30, 8),
(31, 8), (32, 8), (33, 8), (34, 8), (35, 8), (36, 8),
(37, 8), (38, 8), (39, 8), (40, 8), (41, 8), (42, 8);


INSERT INTO Dessin (numDessin, commentaire, classement, dateRemise, leDessin, numConcours, numCompetiteur) VALUES
(1, 'Premier dessin', 1, '2023-03-02', 'image1.png', 1, 7),
(2, 'Deuxieme dessin', 2, '2023-03-03', 'image2.png', 1, 15),
(3, 'Troisieme dessin', 3, '2023-03-05', 'image3.png', 1, 2),
(4, 'Quatrieme dessin', 4, '2023-03-07', 'image4.png', 1, 19),
(5, 'Cinquieme dessin', 5, '2023-03-08', 'image5.png', 1, 11),
(6, 'Sixieme dessin', 6, '2023-03-10', 'image6.png', 1, 4),
(7, 'Septieme dessin', 7, '2023-03-11', 'image7.png', 1, 10),
(8, 'Huitieme dessin', 8, '2023-03-12', 'image8.png', 1, 6),
(9, 'Neuvieme dessin', 9, '2023-03-14', 'image9.png', 1, 3),
(10, 'Dixieme dessin', 10, '2023-03-15', 'image10.png', 1, 20),
(11, 'Onzieme dessin', 11, '2023-03-17', 'image11.png', 1, 1),
(12, 'Douzieme dessin', 12, '2023-03-18', 'image12.png', 1, 9),
(13, 'Treizieme dessin', 13, '2023-03-19', 'image13.png', 1, 12),
(14, 'Quatorzieme dessin', 14, '2023-03-20', 'image14.png', 1, 17),
(15, 'Quinzieme dessin', 15, '2023-03-21', 'image15.png', 1, 14),
(16, 'Seizieme dessin', 16, '2023-03-22', 'image16.png', 1, 18),
(17, 'Dix-septieme dessin', 17, '2023-03-23', 'image17.png', 1, 22),
(18, 'Dix-huitieme dessin', 18, '2023-03-24', 'image18.png', 1, 24),
(19, 'Dix-neuvieme dessin', 19, '2023-03-25', 'image19.png', 1, 25),
(20, 'Vingtieme dessin', 20, '2023-03-26', 'image20.png', 1, 26),
(21, 'Vingt-et-unieme dessin', 21, '2023-03-27', 'image21.png', 1, 27),
(22, 'Vingt-deuxieme dessin', 22, '2023-03-28', 'image22.png', 1, 28),
(23, 'Vingt-troisieme dessin', 23, '2023-03-29', 'image23.png', 1, 29),
(24, 'Vingt-quatrieme dessin', 24, '2023-03-30', 'image24.png', 1, 30),
(25, 'Vingt-cinquieme dessin', 25, '2023-03-31', 'image25.png', 1, 31),
(26, 'Vingt-sixieme dessin', 26, '2023-03-02', 'image26.png', 1, 32),
(27, 'Vingt-septieme dessin', 27, '2023-03-04', 'image27.png', 1, 33),
(28, 'Vingt-huitieme dessin', 28, '2023-03-06', 'image28.png', 1, 34),
(29, 'Vingt-neuvieme dessin', 29, '2023-03-09', 'image29.png', 1, 35),
(30, 'Trentieme dessin', 30, '2023-03-13', 'image30.png', 1, 36),
(31, 'Trente-et-unieme dessin', 31, '2023-03-16', 'image31.png', 1, 37),
(32, 'Trente-deuxieme dessin', 32, '2023-03-19', 'image32.png', 1, 38),
(33, 'Trente-troisieme dessin', 33, '2023-03-23', 'image33.png', 1, 39),
(34, 'Trente-quatrieme dessin', 34, '2023-03-26', 'image34.png', 1, 40),
(35, 'Trente-cinquieme dessin', 35, '2023-03-29', 'image35.png', 1, 41),
(36, 'Trente-sixieme dessin', 36, '2023-03-31', 'image36.png', 1, 42),
(37, 'Trente-septieme dessin', 37, '2023-06-02', 'image37.png', 2, 7),
(38, 'Trente-huitieme dessin', 38, '2023-06-03', 'image38.png', 2, 15),
(39, 'Trente-neuvieme dessin', 39, '2023-06-05', 'image39.png', 2, 2),
(40, 'Quarantieme dessin', 40, '2023-06-07', 'image40.png', 2, 19),
(41, 'Quarante-et-unieme dessin', 41, '2023-06-08', 'image41.png', 2, 11),
(42, 'Quarante-deuxieme dessin', 42, '2023-06-10', 'image42.png', 2, 4),
(43, 'Quarante-troisieme dessin', 43, '2023-06-11', 'image43.png', 2, 10),
(44, 'Quarante-quatrieme dessin', 44, '2023-06-12', 'image44.png', 2, 6),
(45, 'Quarante-cinquieme dessin', 45, '2023-06-14', 'image45.png', 2, 3),
(46, 'Quarante-sixieme dessin', 46, '2023-06-15', 'image46.png', 2, 20),
(47, 'Quarante-septieme dessin', 47, '2023-06-17', 'image47.png', 2, 1),
(48, 'Quarante-huitieme dessin', 48, '2023-06-18', 'image48.png', 2, 9),
(49, 'Quarante-neuvieme dessin', 49, '2023-06-19', 'image49.png', 2, 12),
(50, 'Cinquantieme dessin', 50, '2023-06-20', 'image50.png', 2, 17),
(51, 'Cinquante-et-unieme dessin', 51, '2023-06-21', 'image51.png', 2, 14),
(52, 'Cinquante-deuxieme dessin', 52, '2023-06-22', 'image52.png', 2, 18),
(53, 'Cinquante-troisieme dessin', 53, '2023-06-23', 'image53.png', 2, 22),
(54, 'Cinquante-quatrieme dessin', 54, '2023-06-24', 'image54.png', 2, 24),
(55, 'Cinquante-cinquieme dessin', 55, '2023-06-25', 'image55.png', 2, 25),
(56, 'Cinquante-sixieme dessin', 56, '2023-06-26', 'image56.png', 2, 26),
(57, 'Cinquante-septieme dessin', 57, '2023-06-27', 'image57.png', 2, 27),
(58, 'Cinquante-huitieme dessin', 58, '2023-06-28', 'image58.png', 2, 28),
(59, 'Cinquante-neuvieme dessin', 59, '2023-06-29', 'image59.png', 2, 29),
(60, 'Soixantieme dessin', 60, '2023-06-30', 'image60.png', 2, 30),
(61, 'Soixante-et-unieme dessin', 61, '2023-06-02', 'image61.png', 2, 31),
(62, 'Soixante-deuxieme dessin', 62, '2023-06-04', 'image62.png', 2, 32),
(63, 'Soixante-troisieme dessin', 63, '2023-06-06', 'image63.png', 2, 33),
(64, 'Soixante-quatrieme dessin', 64, '2023-06-09', 'image64.png', 2, 34),
(65, 'Soixante-cinquieme dessin', 65, '2023-06-13', 'image65.png', 2, 35),
(66, 'Soixante-sixieme dessin', 66, '2023-06-16', 'image66.png', 2, 36),
(67, 'Soixante-septieme dessin', 67, '2023-06-19', 'image67.png', 2, 37),
(68, 'Soixante-huitieme dessin', 68, '2023-06-23', 'image68.png', 2, 38),
(69, 'Soixante-neuvieme dessin', 69, '2023-06-26', 'image69.png', 2, 39),
(70, 'Septantieme dessin', 70, '2023-06-29', 'image70.png', 2, 40),
(71, 'Septante-et-unieme dessin', 71, '2023-06-30', 'image71.png', 2, 41),
(72, 'Septante-deuxieme dessin', 72, '2023-06-30', 'image72.png', 2, 42),
(73, 'Septante-troisieme dessin', 73, '2023-09-02', 'image73.png', 3, 7),
(74, 'Septante-quatrieme dessin', 74, '2023-09-03', 'image74.png', 3, 15),
(75, 'Septante-cinquieme dessin', 75, '2023-09-05', 'image75.png', 3, 2),
(76, 'Septante-sixieme dessin', 76, '2023-09-07', 'image76.png', 3, 19),
(77, 'Septante-septieme dessin', 77, '2023-09-08', 'image77.png', 3, 11),
(78, 'Septante-huitieme dessin', 78, '2023-09-10', 'image78.png', 3, 4),
(79, 'Septante-neuvieme dessin', 79, '2023-09-11', 'image79.png', 3, 10),
(80, 'Quatre-Vingtieme dessin', 80, '2023-09-12', 'image80.png', 3, 6),
(81, 'Quatre-Vingt-et-unieme dessin', 81, '2023-09-14', 'image81.png', 3, 3),
(82, 'Quatre-Vingt-deuxieme dessin', 82, '2023-09-15', 'image82.png', 3, 20),
(83, 'Quatre-Vingt-troisieme dessin', 83, '2023-09-17', 'image83.png', 3, 1),
(84, 'Quatre-Vingt-quatrieme dessin', 84, '2023-09-18', 'image84.png', 3, 9),
(85, 'Quatre-Vingt-cinquieme dessin', 85, '2023-09-19', 'image85.png', 3, 12),
(86, 'Quatre-Vingt-sixieme dessin', 86, '2023-09-20', 'image86.png', 3, 17),
(87, 'Quatre-Vingt-septieme dessin', 87, '2023-09-21', 'image87.png', 3, 14),
(88, 'Quatre-Vingt-huitieme dessin', 88, '2023-09-22', 'image88.png', 3, 18),
(89, 'Quatre-Vingt-neuvieme dessin', 89, '2023-09-23', 'image89.png', 3, 22),
(90, 'Quatre-Vingt-dixieme dessin', 90, '2023-09-24', 'image90.png', 3, 24),
(91, 'Quatre-Vingt-onzieme dessin', 91, '2023-09-25', 'image91.png', 3, 25),
(92, 'Quatre-Vingt-douzieme dessin', 92, '2023-09-26', 'image92.png', 3, 26),
(93, 'Quatre-Vingt-treizieme dessin', 93, '2023-09-27', 'image93.png', 3, 27),
(94, 'Quatre-Vingt-quatorzieme dessin', 94, '2023-09-28', 'image94.png', 3, 28),
(95, 'Quatre-Vingt-quinzieme dessin', 95, '2023-09-29', 'image95.png', 3, 29),
(96, 'Quatre-Vingt-seizieme dessin', 96, '2023-09-30', 'image96.png', 3, 30),
(97, 'Quatre-Vingt-dix-septieme dessin', 97, '2023-09-02', 'image97.png', 3, 31),
(98, 'Quatre-Vingt-dix-huitieme dessin', 98, '2023-09-04', 'image98.png', 3, 32),
(99, 'Quatre-Vingt-dix-neuvieme dessin', 99, '2023-09-06', 'image99.png', 3, 33),
(100, 'Centieme dessin', 100, '2023-09-09', 'image100.png', 3, 34),
(101, 'Cent-unieme dessin', 101, '2023-09-13', 'image101.png', 3, 35),
(102, 'Cent-deuxieme dessin', 102, '2023-09-16', 'image102.png', 3, 36),
(103, 'Cent-troisieme dessin', 103, '2023-09-19', 'image103.png', 3, 37),
(104, 'Cent-quatrieme dessin', 104, '2023-09-23', 'image104.png', 3, 38),
(105, 'Cent-cinquieme dessin', 105, '2023-09-26', 'image105.png', 3, 39),
(106, 'Cent-sixieme dessin', 106, '2023-09-29', 'image106.png', 3, 40),
(107, 'Cent-septieme dessin', 107, '2023-09-30', 'image107.png', 3, 41),
(108, 'Cent-huitieme dessin', 108, '2023-09-30', 'image108.png', 3, 42),
(109, 'Cent-neuvieme dessin', 109, '2023-12-02', 'image109.png', 4, 7),
(110, 'Cent-dixieme dessin', 110, '2023-12-03', 'image110.png', 4, 15),
(111, 'Cent-onzieme dessin', 111, '2023-12-05', 'image111.png', 4, 2),
(112, 'Cent-douzieme dessin', 112, '2023-12-07', 'image112.png', 4, 19),
(113, 'Cent-treizieme dessin', 113, '2023-12-08', 'image113.png', 4, 11),
(114, 'Cent-quatorzieme dessin', 114, '2023-12-10', 'image114.png', 4, 4),
(115, 'Cent-quinzieme dessin', 115, '2023-12-11', 'image115.png', 4, 10),
(116, 'Cent-seizieme dessin', 116, '2023-12-12', 'image116.png', 4, 6),
(117, 'Cent-dix-septieme dessin', 117, '2023-12-14', 'image117.png', 4, 3),
(118, 'Cent-dix-huitieme dessin', 118, '2023-12-15', 'image118.png', 4, 20),
(119, 'Cent-dix-neuvieme dessin', 119, '2023-12-17', 'image119.png', 4, 1),
(120, 'Cent-vingtieme dessin', 120, '2023-12-18', 'image120.png', 4, 9),
(121, 'Cent-vingt-et-unieme dessin', 121, '2023-12-19', 'image121.png', 4, 12),
(122, 'Cent-vingt-deuxieme dessin', 122, '2023-12-20', 'image122.png', 4, 17),
(123, 'Cent-vingt-troisieme dessin', 123, '2023-12-21', 'image123.png', 4, 14),
(124, 'Cent-vingt-quatrieme dessin', 124, '2023-12-22', 'image124.png', 4, 18),
(125, 'Cent-vingt-cinquieme dessin', 125, '2023-12-23', 'image125.png', 4, 22),
(126, 'Cent-vingt-sixieme dessin', 126, '2023-12-24', 'image126.png', 4, 24),
(127, 'Cent-vingt-septieme dessin', 127, '2023-12-25', 'image127.png', 4, 25),
(128, 'Cent-vingt-huitieme dessin', 128, '2023-12-26', 'image128.png', 4, 26),
(129, 'Cent-vingt-neuvieme dessin', 129, '2023-12-27', 'image129.png', 4, 27),
(130, 'Cent-trentieme dessin', 130, '2023-12-28', 'image130.png', 4, 28),
(131, 'Cent-trente-et-unieme dessin', 131, '2023-12-29', 'image131.png', 4, 29),
(132, 'Cent-trente-deuxieme dessin', 132, '2023-12-30', 'image132.png', 4, 30),
(133, 'Cent-trente-troisieme dessin', 133, '2023-12-31', 'image133.png', 4, 31),
(134, 'Cent-trente-quatrieme dessin', 134, '2023-12-02', 'image134.png', 4, 32),
(135, 'Cent-trente-cinquieme dessin', 135, '2023-12-04', 'image135.png', 4, 33),
(136, 'Cent-trente-sixieme dessin', 136, '2023-12-06', 'image136.png', 4, 34),
(137, 'Cent-trente-septieme dessin', 137, '2023-12-09', 'image137.png', 4, 35),
(138, 'Cent-trente-huitieme dessin', 138, '2023-12-13', 'image138.png', 4, 36),
(139, 'Cent-trente-neuvieme dessin', 139, '2023-12-16', 'image139.png', 4, 37),
(140, 'Cent-quarantieme dessin', 140, '2023-12-19', 'image140.png', 4, 38),
(141, 'Cent-quarante-et-unieme dessin', 141, '2023-12-23', 'image141.png', 4, 39),
(142, 'Cent-quarante-deuxieme dessin', 142, '2023-12-26', 'image142.png', 4, 40),
(143, 'Cent-quarante-troisieme dessin', 143, '2023-12-29', 'image143.png', 4, 41),
(144, 'Cent-quarante-quatrieme dessin', 144, '2023-12-31', 'image144.png', 4, 42),
(145, 'Cent-quarante-cinquieme dessin', 145, '2024-03-02', 'image145.png', 5, 7),
(146, 'Cent-quarante-sixieme dessin', 146, '2024-03-03', 'image146.png', 5, 15),
(147, 'Cent-quarante-septieme dessin', 147, '2024-03-05', 'image147.png', 5, 2),
(148, 'Cent-quarante-huitieme dessin', 148, '2024-03-07', 'image148.png', 5, 19),
(149, 'Cent-quarante-neuvieme dessin', 149, '2024-03-08', 'image149.png', 5, 11),
(150, 'Cent-cinquantieme dessin', 150, '2024-03-10', 'image150.png', 5, 4),
(151, 'Cent-cinquante-et-unieme dessin', 151, '2024-03-11', 'image151.png', 5, 10),
(152, 'Cent-cinquante-deuxieme dessin', 152, '2024-03-12', 'image152.png', 5, 6),
(153, 'Cent-cinquante-troisieme dessin', 153, '2024-03-14', 'image153.png', 5, 3),
(154, 'Cent-cinquante-quatrieme dessin', 154, '2024-03-15', 'image154.png', 5, 20),
(155, 'Cent-cinquante-cinquieme dessin', 155, '2024-03-17', 'image155.png', 5, 1),
(156, 'Cent-cinquante-sixieme dessin', 156, '2024-03-18', 'image156.png', 5, 9),
(157, 'Cent-cinquante-septieme dessin', 157, '2024-03-19', 'image157.png', 5, 12),
(158, 'Cent-cinquante-huitieme dessin', 158, '2024-03-20', 'image158.png', 5, 17),
(159, 'Cent-cinquante-neuvieme dessin', 159, '2024-03-21', 'image159.png', 5, 14),
(160, 'Cent-soixantieme dessin', 160, '2024-03-22', 'image160.png', 5, 18),
(161, 'Cent-soixante-et-unieme dessin', 161, '2024-03-23', 'image161.png', 5, 22),
(162, 'Cent-soixante-deuxieme dessin', 162, '2024-03-24', 'image162.png', 5, 24),
(163, 'Cent-soixante-troisieme dessin', 163, '2024-03-25', 'image163.png', 5, 25),
(164, 'Cent-soixante-quatrieme dessin', 164, '2024-03-26', 'image164.png', 5, 26),
(165, 'Cent-soixante-cinquieme dessin', 165, '2024-03-27', 'image165.png', 5, 27),
(166, 'Cent-soixante-sixieme dessin', 166, '2024-03-28', 'image166.png', 5, 28),
(167, 'Cent-soixante-septieme dessin', 167, '2024-03-29', 'image167.png', 5, 29),
(168, 'Cent-soixante-huitieme dessin', 168, '2024-03-30', 'image168.png', 5, 30),
(169, 'Cent-soixante-neuvieme dessin', 169, '2024-03-31', 'image169.png', 5, 31),
(170, 'Cent-septantieme dessin', 170, '2024-03-02', 'image170.png', 5, 32),
(171, 'Cent-septante-et-unieme dessin', 171, '2024-03-04', 'image171.png', 5, 33),
(172, 'Cent-septante-deuxieme dessin', 172, '2024-03-06', 'image172.png', 5, 34),
(173, 'Cent-septante-troisieme dessin', 173, '2024-03-09', 'image173.png', 5, 35),
(174, 'Cent-septante-quatrieme dessin', 174, '2024-03-13', 'image174.png', 5, 36),
(175, 'Cent-septante-cinquieme dessin', 175, '2024-03-16', 'image175.png', 5, 37),
(176, 'Cent-septante-sixieme dessin', 176, '2024-03-19', 'image176.png', 5, 38),
(177, 'Cent-septante-septieme dessin', 177, '2024-03-23', 'image177.png', 5, 39),
(178, 'Cent-septante-huitieme dessin', 178, '2024-03-26', 'image178.png', 5, 40),
(179, 'Cent-septante-neuvieme dessin', 179, '2024-03-29', 'image179.png', 5, 41),
(180, 'Cent-quatre-vingtieme dessin', 180, '2024-03-31', 'image180.png', 5, 42),
(181, 'Cent-quatre-vingt-et-unieme dessin', 181, '2024-06-02', 'image181.png', 6, 7),
(182, 'Cent-quatre-vingt-deuxieme dessin', 182, '2024-06-03', 'image182.png', 6, 15),
(183, 'Cent-quatre-vingt-troisieme dessin', 183, '2024-06-05', 'image183.png', 6, 2),
(184, 'Cent-quatre-vingt-quatrieme dessin', 184, '2024-06-07', 'image184.png', 6, 19),
(185, 'Cent-quatre-vingt-cinquieme dessin', 185, '2024-06-08', 'image185.png', 6, 11),
(186, 'Cent-quatre-vingt-sixieme dessin', 186, '2024-06-10', 'image186.png', 6, 4),
(187, 'Cent-quatre-vingt-septieme dessin', 187, '2024-06-11', 'image187.png', 6, 10),
(188, 'Cent-quatre-vingt-huitieme dessin', 188, '2024-06-12', 'image188.png', 6, 6),
(189, 'Cent-quatre-vingt-neuvieme dessin', 189, '2024-06-14', 'image189.png', 6, 3),
(190, 'Cent-quatre-vingt-dixieme dessin', 190, '2024-06-15', 'image190.png', 6, 20),
(191, 'Cent-quatre-vingt-onzieme dessin', 191, '2024-06-17', 'image191.png', 6, 1),
(192, 'Cent-quatre-vingt-douzieme dessin', 192, '2024-06-18', 'image192.png', 6, 9),
(193, 'Cent-quatre-vingt-treizieme dessin', 193, '2024-06-19', 'image193.png', 6, 12),
(194, 'Cent-quatre-vingt-quatorzieme dessin', 194, '2024-06-20', 'image194.png', 6, 17),
(195, 'Cent-quatre-vingt-quinzieme dessin', 195, '2024-06-21', 'image195.png', 6, 14),
(196, 'Cent-quatre-vingt-seizieme dessin', 196, '2024-06-22', 'image196.png', 6, 18),
(197, 'Cent-quatre-vingt-dix-septieme dessin', 197, '2024-06-23', 'image197.png', 6, 22),
(198, 'Cent-quatre-vingt-dix-huitieme dessin', 198, '2024-06-24', 'image198.png', 6, 24),
(199, 'Cent-quatre-vingt-dix-neuvieme dessin', 199, '2024-06-25', 'image199.png', 6, 25),
(200, 'Deux-centieme dessin', 200, '2024-06-26', 'image200.png', 6, 26),
(201, 'Deux-cent-unieme dessin', 201, '2024-06-27', 'image201.png', 6, 27),
(202, 'Deux-cent-deuxieme dessin', 202, '2024-06-28', 'image202.png', 6, 28),
(203, 'Deux-cent-troisieme dessin', 203, '2024-06-29', 'image203.png', 6, 29),
(204, 'Deux-cent-quatrieme dessin', 204, '2024-06-30', 'image204.png', 6, 30),
(205, 'Deux-cent-cinquieme dessin', 205, '2024-06-02', 'image205.png', 6, 31),
(206, 'Deux-cent-sixieme dessin', 206, '2024-06-04', 'image206.png', 6, 32),
(207, 'Deux-cent-septieme dessin', 207, '2024-06-06', 'image207.png', 6, 33),
(208, 'Deux-cent-huitieme dessin', 208, '2024-06-09', 'image208.png', 6, 34),
(209, 'Deux-cent-neuvieme dessin', 209, '2024-06-13', 'image209.png', 6, 35),
(210, 'Deux-cent-dixieme dessin', 210, '2024-06-16', 'image210.png', 6, 36),
(211, 'Deux-cent-onzieme dessin', 211, '2024-06-19', 'image211.png', 6, 37),
(212, 'Deux-cent-douzieme dessin', 212, '2024-06-23', 'image212.png', 6, 38),
(213, 'Deux-cent-treizieme dessin', 213, '2024-06-26', 'image213.png', 6, 39),
(214, 'Deux-cent-quatorzieme dessin', 214, '2024-06-29', 'image214.png', 6, 40),
(215, 'Deux-cent-quinzieme dessin', 215, '2024-06-30', 'image215.png', 6, 41),
(216, 'Deux-cent-seizieme dessin', 216, '2024-06-30', 'image216.png', 6, 42),
(217, 'Deux-cent-dix-septieme dessin', 217, '2024-09-02', 'image217.png', 7, 7),
(218, 'Deux-cent-dix-huitieme dessin', 218, '2024-09-03', 'image218.png', 7, 15),
(219, 'Deux-cent-dix-neuvieme dessin', 219, '2024-09-05', 'image219.png', 7, 2),
(220, 'Deux-cent-vingtieme dessin', 220, '2024-09-07', 'image220.png', 7, 19),
(221, 'Deux-cent-vingt-et-unieme dessin', 221, '2024-09-08', 'image221.png', 7, 11),
(222, 'Deux-cent-vingt-deuxieme dessin', 222, '2024-09-10', 'image222.png', 7, 4),
(223, 'Deux-cent-vingt-troisieme dessin', 223, '2024-09-11', 'image223.png', 7, 10),
(224, 'Deux-cent-vingt-quatrieme dessin', 224, '2024-09-12', 'image224.png', 7, 6),
(225, 'Deux-cent-vingt-cinquieme dessin', 225, '2024-09-14', 'image225.png', 7, 3),
(226, 'Deux-cent-vingt-sixieme dessin', 226, '2024-09-15', 'image226.png', 7, 20),
(227, 'Deux-cent-vingt-septieme dessin', 227, '2024-09-17', 'image227.png', 7, 1),
(228, 'Deux-cent-vingt-huitieme dessin', 228, '2024-09-18', 'image228.png', 7, 9),
(229, 'Deux-cent-vingt-neuvieme dessin', 229, '2024-09-19', 'image229.png', 7, 12),
(230, 'Deux-cent-trentieme dessin', 230, '2024-09-20', 'image230.png', 7, 17),
(231, 'Deux-cent-trente-et-unieme dessin', 231, '2024-09-21', 'image231.png', 7, 14),
(232, 'Deux-cent-trente-deuxieme dessin', 232, '2024-09-22', 'image232.png', 7, 18),
(233, 'Deux-cent-trente-troisieme dessin', 233, '2024-09-23', 'image233.png', 7, 22),
(234, 'Deux-cent-trente-quatrieme dessin', 234, '2024-09-24', 'image234.png', 7, 24),
(235, 'Deux-cent-trente-cinquieme dessin', 235, '2024-09-25', 'image235.png', 7, 25),
(236, 'Deux-cent-trente-sixieme dessin', 236, '2024-09-26', 'image236.png', 7, 26),
(237, 'Deux-cent-trente-septieme dessin', 237, '2024-09-27', 'image237.png', 7, 27),
(238, 'Deux-cent-trente-huitieme dessin', 238, '2024-09-28', 'image238.png', 7, 28),
(239, 'Deux-cent-trente-neuvieme dessin', 239, '2024-09-29', 'image239.png', 7, 29),
(240, 'Deux-cent-quarantieme dessin', 240, '2024-09-30', 'image240.png', 7, 30),
(241, 'Deux-cent-quarante-et-unieme dessin', 241, '2024-09-02', 'image241.png', 7, 31),
(242, 'Deux-cent-quarante-deuxieme dessin', 242, '2024-09-04', 'image242.png', 7, 32),
(243, 'Deux-cent-quarante-troisieme dessin', 243, '2024-09-06', 'image243.png', 7, 33),
(244, 'Deux-cent-quarante-quatrieme dessin', 244, '2024-09-09', 'image244.png', 7, 34),
(245, 'Deux-cent-quarante-cinquieme dessin', 245, '2024-09-13', 'image245.png', 7, 35),
(246, 'Deux-cent-quarante-sixieme dessin', 246, '2024-09-16', 'image246.png', 7, 36),
(247, 'Deux-cent-quarante-septieme dessin', 247, '2024-09-19', 'image247.png', 7, 37),
(248, 'Deux-cent-quarante-huitieme dessin', 248, '2024-09-23', 'image248.png', 7, 38),
(249, 'Deux-cent-quarante-neuvieme dessin', 249, '2024-09-26', 'image249.png', 7, 39),
(250, 'Deux-cent-cinquantieme dessin', 250, '2024-09-29', 'image250.png', 7, 40),
(251, 'Deux-cent-cinquante-et-unieme dessin', 251, '2024-09-30', 'image251.png', 7, 41),
(252, 'Deux-cent-cinquante-deuxieme dessin', 252, '2024-09-30', 'image252.png', 7, 42),
(253, 'Deux-cent-cinquante-troisieme dessin', 253, '2024-12-02', 'image253.png', 8, 7),
(254, 'Deux-cent-cinquante-quatrieme dessin', 254, '2024-12-03', 'image254.png', 8, 15),
(255, 'Deux-cent-cinquante-cinquieme dessin', 255, '2024-12-05', 'image255.png', 8, 2),
(256, 'Deux-cent-cinquante-sixieme dessin', 256, '2024-12-07', 'image256.png', 8, 19),
(257, 'Deux-cent-cinquante-septieme dessin', 257, '2024-12-08', 'image257.png', 8, 11),
(258, 'Deux-cent-cinquante-huitieme dessin', 258, '2024-12-10', 'image258.png', 8, 4),
(259, 'Deux-cent-cinquante-neuvieme dessin', 259, '2024-12-11', 'image259.png', 8, 10),
(260, 'Deux-cent-soixantieme dessin', 260, '2024-12-12', 'image260.png', 8, 6),
(261, 'Deux-cent-soixante-et-unieme dessin', 261, '2024-12-14', 'image261.png', 8, 3),
(262, 'Deux-cent-soixante-deuxieme dessin', 262, '2024-12-15', 'image262.png', 8, 20),
(263, 'Deux-cent-soixante-troisieme dessin', 263, '2024-12-17', 'image263.png', 8, 1),
(264, 'Deux-cent-soixante-quatrieme dessin', 264, '2024-12-18', 'image264.png', 8, 9),
(265, 'Deux-cent-soixante-cinquieme dessin', 265, '2024-12-19', 'image265.png', 8, 12),
(266, 'Deux-cent-soixante-sixieme dessin', 266, '2024-12-20', 'image266.png', 8, 17),
(267, 'Deux-cent-soixante-septieme dessin', 267, '2024-12-21', 'image267.png', 8, 14),
(268, 'Deux-cent-soixante-huitieme dessin', 268, '2024-12-22', 'image268.png', 8, 18),
(269, 'Deux-cent-soixante-neuvieme dessin', 269, '2024-12-23', 'image269.png', 8, 22),
(270, 'Deux-cent-septantieme dessin', 270, '2024-12-24', 'image270.png', 8, 24),
(271, 'Deux-cent-septante-et-unieme dessin', 271, '2024-12-25', 'image271.png', 8, 25),
(272, 'Deux-cent-septante-deuxieme dessin', 272, '2024-12-26', 'image272.png', 8, 26),
(273, 'Deux-cent-septante-troisieme dessin', 273, '2024-12-27', 'image273.png', 8, 27),
(274, 'Deux-cent-septante-quatrieme dessin', 274, '2024-12-28', 'image274.png', 8, 28),
(275, 'Deux-cent-septante-cinquieme dessin', 275, '2024-12-29', 'image275.png', 8, 29),
(276, 'Deux-cent-septante-sixieme dessin', 276, '2024-12-30', 'image276.png', 8, 30),
(277, 'Deux-cent-septante-septieme dessin', 277, '2024-12-31', 'image277.png', 8, 31),
(278, 'Deux-cent-septante-huitieme dessin', 278, '2024-12-02', 'image278.png', 8, 32),
(279, 'Deux-cent-septante-neuvieme dessin', 279, '2024-12-04', 'image279.png', 8, 33),
(280, 'Deux-cent-quatre-vingtieme dessin', 280, '2024-12-06', 'image280.png', 8, 34),
(281, 'Deux-cent-quatre-vingt-unieme dessin', 281, '2024-12-09', 'image281.png', 8, 35),
(282, 'Deux-cent-quatre-vingt-deuxieme dessin', 282, '2024-12-13', 'image282.png', 8, 36),
(283, 'Deux-cent-quatre-vingt-troisieme dessin', 283, '2024-12-16', 'image283.png', 8, 37),
(284, 'Deux-cent-quatre-vingt-quatrieme dessin', 284, '2024-12-19', 'image284.png', 8, 38),
(285, 'Deux-cent-quatre-vingt-cinquieme dessin', 285, '2024-12-23', 'image285.png', 8, 39),
(286, 'Deux-cent-quatre-vingt-sixieme dessin', 286, '2024-12-26', 'image286.png', 8, 40),
(287, 'Deux-cent-quatre-vingt-septieme dessin', 287, '2024-12-29', 'image287.png', 8, 41),
(288, 'Deux-cent-quatre-vingt-huitieme dessin', 288, '2024-12-31', 'image288.png', 8, 42);

INSERT INTO Evaluation (numDessin, numEvaluateur, dateEvaluation, note, commentaire) VALUES
(1, 3, '2023-03-03', 18, 'Excellente maîtrise technique, très créatif'),
(2, 8, '2023-03-04', 15, 'Belle composition, bon usage des couleurs'),
(3, 9, '2023-03-06', 20, 'Œuvre exceptionnelle, parfaite exécution'),
(4, 15, '2023-03-08', 12, 'Bon travail, quelques aspects à améliorer'),
(5, 17, '2023-03-09', 16, 'Très bonne perspective, détails soignés'),
(6, 19, '2023-03-11', 9, 'Concept intéressant mais exécution moyenne'),
(7, 20, '2023-03-12', 17, 'Très belle technique, expression réussie'),
(8, 21, '2023-03-13', 14, 'Bonne composition, manque un peu de profondeur'),
(9, 23, '2023-03-15', 19, 'Travail remarquable, grande sensibilité artistique'),
(10, 25, '2023-03-16', 11, 'Effort visible mais technique à perfectionner'),
(11, 27, '2023-03-18', 7, 'Des idées mais réalisation maladroite'),
(12, 30, '2023-03-19', 13, 'Rendu correct, bonne utilisation de l espace'),
(13, 33, '2023-03-20', 16, 'Très beau travail, bonnes proportions'),
(14, 36, '2023-03-21', 8, 'Concept intéressant mais exécution insuffisante'),
(15, 40, '2023-03-22', 15, 'Belle harmonie des couleurs, bonne technique'),
(16, 1, '2023-03-23', 10, 'Composition acceptable, manque de finesse'),
(17, 2, '2023-03-24', 18, 'Excellent travail, grande maîtrise du sujet'),
(18, 3, '2023-03-25', 14, 'Bonne représentation, quelques détails à affiner'),
(19, 6, '2023-03-26', 17, 'Très belle réalisation, expression convaincante'),
(20, 8, '2023-03-27', 11, 'Effort visible mais manque de cohérence'),
(21, 9, '2023-03-28', 19, 'Œuvre presque parfaite, grande sensibilité'),
(22, 13, '2023-03-29', 13, 'Travail solide, équilibre des formes correct'),
(23, 15, '2023-03-30', 6, 'Tentative intéressante mais technique limitée'),
(24, 17, '2023-03-31', 12, 'Composition correcte, proportions à revoir'),
(25, 18, '2023-04-01', 16, 'Très belle exécution, bon équilibre'),
(26, 19, '2023-03-03', 9, 'Concept prometteur mais réalisation moyenne'),
(27, 20, '2023-03-05', 17, 'Très bonne maîtrise technique, expressif'),
(28, 21, '2023-03-07', 15, 'Belle composition, bons choix chromatiques'),
(29, 23, '2023-03-10', 8, 'Idée originale mais difficultés techniques'),
(30, 25, '2023-03-14', 14, 'Bon travail d ensemble, quelques imprécisions'),
(31, 27, '2023-03-17', 18, 'Excellente réalisation, détails très soignés'),
(32, 30, '2023-03-20', 10, 'Composition intéressante mais exécution moyenne'),
(33, 33, '2023-03-24', 16, 'Très bonne perspective, technique maîtrisée'),
(34, 36, '2023-03-27', 11, 'Effort notable mais manque de finition'),
(35, 40, '2023-03-30', 17, 'Très belle expression, bonne dynamique'),
(36, 1, '2023-04-01', 13, 'Bon équilibre, quelques faiblesses techniques'),
(37, 2, '2023-06-03', 19, 'Œuvre remarquable, grande sensibilité'),
(38, 3, '2023-06-04', 15, 'Belle maîtrise des ombres et lumières'),
(39, 6, '2023-06-06', 8, 'Concept intéressant mais exécution limitée'),
(40, 8, '2023-06-08', 14, 'Bon travail, proportions justes'),
(41, 9, '2023-06-09', 18, 'Excellent rendu, grande maîtrise technique'),
(42, 13, '2023-06-11', 12, 'Composition correcte, manque d originalité'),
(43, 15, '2023-06-12', 16, 'Très beau travail sur les textures'),
(44, 17, '2023-06-13', 9, 'Idée intéressante mais réalisation moyenne'),
(45, 18, '2023-06-15', 15, 'Belle composition, bonnes proportions'),
(46, 19, '2023-06-16', 11, 'Effort visible mais technique à améliorer'),
(47, 20, '2023-06-18', 17, 'Très belle expression, détails soignés'),
(48, 21, '2023-06-19', 13, 'Bon travail sur la perspective, quelques maladresses'),
(49, 23, '2023-06-20', 19, 'Œuvre presque parfaite, grande maîtrise'),
(50, 25, '2023-06-21', 10, 'Composition correcte, exécution moyenne'),
(51, 27, '2023-06-22', 16, 'Très bon travail sur les contrastes'),
(52, 30, '2023-06-23', 7, 'Concept intéressant mais problèmes techniques'),
(53, 33, '2023-06-24', 14, 'Bonne composition, équilibre correct'),
(54, 36, '2023-06-25', 18, 'Excellent travail, grande précision'),
(55, 40, '2023-06-26', 12, 'Rendu correct, manque d originalité'),
(56, 1, '2023-06-27', 15, 'Belle harmonie des couleurs, bonne technique'),
(57, 2, '2023-06-28', 9, 'Concept prometteur mais réalisation moyenne'),
(58, 3, '2023-06-29', 16, 'Très bonne perspective, expression réussie'),
(59, 6, '2023-06-30', 11, 'Effort notable mais manque de cohérence'),
(60, 8, '2023-07-01', 17, 'Très belle maîtrise de la composition'),
(61, 9, '2023-06-03', 13, 'Bon travail d ensemble, quelques imprécisions'),
(62, 13, '2023-06-05', 19, 'Œuvre remarquable, grande sensibilité artistique'),
(63, 15, '2023-06-07', 10, 'Composition intéressante mais technique limitée'),
(64, 17, '2023-06-10', 15, 'Belle utilisation des ombres et lumières'),
(65, 18, '2023-06-14', 8, 'Idée originale mais difficultés d exécution'),
(66, 19, '2023-06-17', 14, 'Bon équilibre des éléments, rendu correct'),
(67, 20, '2023-06-20', 18, 'Excellent travail, grande maîtrise technique'),
(68, 21, '2023-06-24', 12, 'Composition correcte, manque de finesse'),
(69, 23, '2023-06-27', 16, 'Très beau travail sur les détails'),
(70, 25, '2023-06-30', 9, 'Concept intéressant mais exécution moyenne'),
(71, 27, '2023-07-01', 17, 'Très belle expression, bonne dynamique'),
(72, 30, '2023-07-01', 13, 'Bon travail sur la perspective, quelques faiblesses'),
(73, 33, '2023-09-03', 19, 'Œuvre presque parfaite, grande sensibilité'),
(74, 36, '2023-09-04', 11, 'Effort visible mais technique à améliorer'),
(75, 40, '2023-09-06', 15, 'Belle harmonie des couleurs, bonnes proportions'),
(76, 1, '2023-09-08', 7, 'Des idées mais réalisation maladroite'),
(77, 2, '2023-09-09', 14, 'Bonne composition, équilibre correct'),
(78, 3, '2023-09-11', 18, 'Excellent travail, grande précision'),
(79, 6, '2023-09-12', 12, 'Rendu correct, manque d originalité'),
(80, 8, '2023-09-13', 16, 'Très bonne utilisation de l espace'),
(81, 9, '2023-09-15', 10, 'Composition intéressante mais exécution moyenne'),
(82, 13, '2023-09-16', 15, 'Belle technique, expression convaincante'),
(83, 15, '2023-09-18', 8, 'Idée originale mais difficultés techniques'),
(84, 17, '2023-09-19', 17, 'Très belle maîtrise des contrastes'),
(85, 18, '2023-09-20', 13, 'Bon travail d ensemble, quelques imprécisions'),
(86, 19, '2023-09-21', 19, 'Œuvre remarquable, grande sensibilité artistique'),
(87, 20, '2023-09-22', 11, 'Effort notable mais manque de finition'),
(88, 21, '2023-09-23', 16, 'Très bonne perspective, détails soignés'),
(89, 23, '2023-09-24', 9, 'Concept prometteur mais réalisation moyenne'),
(90, 25, '2023-09-25', 14, 'Bonne maîtrise des proportions, rendu correct'),
(91, 27, '2023-09-26', 18, 'Excellent travail, grande maîtrise du sujet'),
(92, 30, '2023-09-27', 12, 'Composition correcte, manque de dynamisme'),
(93, 33, '2023-09-28', 17, 'Très belle réalisation, expression réussie'),
(94, 36, '2023-09-29', 10, 'Idée intéressante mais exécution moyenne'),
(95, 40, '2023-09-30', 15, 'Belle composition, bonne technique'),
(96, 1, '2023-10-01', 8, 'Concept original mais difficultés d exécution'),
(97, 2, '2023-09-03', 16, 'Très bon travail sur les textures'),
(98, 3, '2023-09-05', 13, 'Bon équilibre, quelques faiblesses techniques'),
(99, 6, '2023-09-07', 19, 'Œuvre presque parfaite, grande maîtrise'),
(100, 8, '2023-09-10', 11, 'Effort visible mais technique à améliorer'),
(101, 9, '2023-09-14', 17, 'Très belle expressivité, détails soignés'),
(102, 13, '2023-09-17', 14, 'Bonne composition, équilibre des formes'),
(103, 15, '2023-09-20', 9, 'Concept intéressant mais réalisation moyenne'),
(104, 17, '2023-09-24', 15, 'Belle harmonie des couleurs, bons contrastes'),
(105, 18, '2023-09-27', 12, 'Rendu correct, quelques maladresses'),
(106, 19, '2023-09-30', 18, 'Excellent travail, grande précision'),
(107, 20, '2023-10-01', 10, 'Composition intéressante mais exécution limitée'),
(108, 21, '2023-10-01', 16, 'Très bonne perspective, bonne dynamique'),
(109, 23, '2023-12-03', 13, 'Bon travail d ensemble, manque d originalité'),
(110, 25, '2023-12-04', 19, 'Œuvre remarquable, grande sensibilité'),
(111, 27, '2023-12-06', 11, 'Effort notable mais manque de cohérence'),
(112, 30, '2023-12-08', 17, 'Très belle maîtrise technique, expressif'),
(113, 33, '2023-12-09', 14, 'Bonne composition, proportions justes'),
(114, 36, '2023-12-11', 8, 'Idée originale mais difficultés techniques'),
(115, 40, '2023-12-12', 15, 'Belle technique, bons choix chromatiques'),
(116, 1, '2023-12-13', 12, 'Composition correcte, exécution moyenne'),
(117, 2, '2023-12-15', 18, 'Excellent travail, grande maîtrise du sujet'),
(118, 3, '2023-12-16', 10, 'Idée intéressante mais manque de finition'),
(119, 6, '2023-12-18', 16, 'Très beau travail sur les détails'),
(120, 8, '2023-12-19', 13, 'Bon équilibre, quelques faiblesses techniques'),
(121, 9, '2023-12-20', 19, 'Œuvre presque parfaite, grande sensibilité'),
(122, 13, '2023-12-21', 11, 'Effort visible mais technique à améliorer'),
(123, 15, '2023-12-22', 17, 'Très belle expression, bonne dynamique'),
(124, 17, '2023-12-23', 14, 'Bonne composition, équilibre correct'),
(125, 18, '2023-12-24', 9, 'Concept prometteur mais réalisation moyenne'),
(126, 19, '2023-12-25', 15, 'Belle maîtrise des ombres et lumières'),
(127, 20, '2023-12-26', 12, 'Rendu correct, manque d originalité'),
(128, 21, '2023-12-27', 18, 'Excellent travail, grande précision'),
(129, 23, '2023-12-28', 10, 'Composition intéressante mais exécution limitée'),
(130, 25, '2023-12-29', 16, 'Très bonne perspective, expression réussie'),
(131, 27, '2023-12-30', 13, 'Bon travail d ensemble, quelques imprécisions'),
(132, 30, '2023-12-31', 19, 'Œuvre remarquable, grande maîtrise'),
(133, 33, '2024-01-01', 11, 'Effort notable mais manque de finition'),
(134, 36, '2023-12-03', 17, 'Très belle maîtrise des contrastes'),
(135, 40, '2023-12-05', 14, 'Bonne composition, bonnes proportions'),
(136, 1, '2023-12-07', 8, 'Idée originale mais difficultés d exécution'),
(137, 2, '2023-12-10', 15, 'Belle harmonie des couleurs, bonne technique'),
(138, 3, '2023-12-14', 12, 'Composition correcte, exécution moyenne'),
(139, 6, '2023-12-17', 18, 'Excellent travail, grande maîtrise technique'),
(140, 8, '2023-12-20', 10, 'Idée intéressante mais manque de cohérence'),
(141, 9, '2023-12-24', 16, 'Très beau travail sur les textures'),
(142, 13, '2023-12-27', 13, 'Bon équilibre, quelques faiblesses techniques'),
(143, 15, '2023-12-30', 19, 'Œuvre presque parfaite, grande sensibilité'),
(144, 17, '2024-01-01', 11, 'Effort visible mais technique à améliorer'),
(145, 18, '2024-03-03', 17, 'Très belle expression, détails soignés'),
(146, 19, '2024-03-04', 14, 'Bonne composition, équilibre correct'),
(147, 20, '2024-03-06', 9, 'Concept prometteur mais réalisation moyenne'),
(148, 21, '2024-03-08', 15, 'Belle technique, bons choix chromatiques'),
(149, 23, '2024-03-09', 12, 'Rendu correct, manque d originalité'),
(150, 25, '2024-03-11', 18, 'Excellent travail, grande précision'),
(151, 27, '2024-03-12', 10, 'Composition intéressante mais exécution limitée'),
(152, 30, '2024-03-13', 16, 'Très bonne perspective, bonne dynamique'),
(153, 33, '2024-03-15', 13, 'Bon travail d ensemble, quelques imprécisions'),
(154, 36, '2024-03-16', 19, 'Œuvre remarquable, grande sensibilité artistique'),
(155, 40, '2024-03-18', 11, 'Effort notable mais manque de finition'),
(156, 1, '2024-03-19', 17, 'Très belle maîtrise technique, expressif'),
(157, 2, '2024-03-20', 14, 'Bonne composition, proportions justes'),
(158, 3, '2024-03-21', 8, 'Idée originale mais difficultés techniques'),
(159, 6, '2024-03-22', 15, 'Belle harmonie des couleurs, bonnes proportions'),
(160, 8, '2024-03-23', 12, 'Composition correcte, manque de dynamisme'),
(161, 9, '2024-03-24', 18, 'Excellent travail, grande maîtrise du sujet'),
(162, 13, '2024-03-25', 10, 'Idée intéressante mais manque de cohérence'),
(163, 15, '2024-03-26', 16, 'Très beau travail sur les détails'),
(164, 17, '2024-03-27', 13, 'Bon équilibre, quelques faiblesses techniques'),
(165, 18, '2024-03-28', 19, 'Œuvre presque parfaite, grande sensibilité'),
(166, 19, '2024-03-29', 11, 'Effort visible mais technique à améliorer'),
(167, 20, '2024-03-30', 17, 'Très belle expression, bonne dynamique'),
(168, 21, '2024-03-31', 14, 'Bonne composition, équilibre correct'),
(169, 23, '2024-04-01', 9, 'Concept prometteur mais réalisation moyenne'),
(170, 25, '2024-03-03', 15, 'Belle maîtrise des ombres et lumières'),
(171, 27, '2024-03-05', 12, 'Rendu correct, manque d originalité'),
(172, 30, '2024-03-07', 18, 'Excellent travail, grande précision'),
(173, 33, '2024-03-10', 10, 'Composition intéressante mais exécution limitée'),
(174, 36, '2024-03-14', 16, 'Très bonne perspective, expression réussie'),
(175, 40, '2024-03-17', 13, 'Bon travail d ensemble, quelques imprécisions'),
(176, 1, '2024-03-20', 19, 'Œuvre remarquable, grande maîtrise'),
(177, 2, '2024-03-24', 11, 'Effort notable mais manque de finition'),
(178, 3, '2024-03-27', 17, 'Très belle maîtrise des contrastes'),
(179, 6, '2024-03-30', 14, 'Bonne composition, bonnes proportions'),
(180, 8, '2024-04-01', 8, 'Idée originale mais difficultés d exécution'),
(181, 9, '2024-06-03', 15, 'Belle harmonie des couleurs, bonne technique'),
(182, 13, '2024-06-04', 12, 'Composition correcte, exécution moyenne'),
(183, 15, '2024-06-06', 18, 'Excellent travail, grande maîtrise technique'),
(184, 17, '2024-06-08', 10, 'Idée intéressante mais manque de cohérence'),
(185, 18, '2024-06-09', 16, 'Très beau travail sur les textures'),
(186, 19, '2024-06-11', 13, 'Bon équilibre, quelques faiblesses techniques'),
(187, 20, '2024-06-12', 19, 'Œuvre presque parfaite, grande sensibilité'),
(188, 21, '2024-06-13', 11, 'Effort visible mais technique à améliorer'),
(189, 23, '2024-06-15', 17, 'Très belle expression, détails soignés'),
(190, 25, '2024-06-16', 14, 'Bonne composition, équilibre correct'),
(191, 27, '2024-06-18', 9, 'Concept prometteur mais réalisation moyenne'),
(192, 30, '2024-06-19', 15, 'Belle technique, bons choix chromatiques'),
(193, 33, '2024-06-20', 12, 'Rendu correct, manque d originalité'),
(194, 36, '2024-06-21', 18, 'Excellent travail, grande précision'),
(195, 40, '2024-06-22', 10, 'Composition intéressante mais exécution limitée'),
(196, 1, '2024-06-23', 16, 'Très bonne perspective, bonne dynamique'),
(197, 2, '2024-06-24', 13, 'Bon travail d ensemble, quelques imprécisions'),
(198, 3, '2024-06-25', 19, 'Œuvre remarquable, grande sensibilité artistique'),
(199, 6, '2024-06-26', 11, 'Effort notable mais manque de finition'),
(200, 8, '2024-06-27', 17, 'Très belle maîtrise technique, expressif'),
(201, 9, '2024-06-28', 14, 'Bonne composition, proportions justes'),
(202, 13, '2024-06-29', 8, 'Idée originale mais difficultés techniques'),
(203, 15, '2024-06-30', 15, 'Belle harmonie des couleurs, bonnes proportions'),
(204, 17, '2024-07-01', 12, 'Composition correcte, manque de dynamisme'),
(205, 18, '2024-06-03', 18, 'Excellent travail, grande maîtrise du sujet'),
(206, 19, '2024-06-05', 10, 'Idée intéressante mais manque de cohérence'),
(207, 20, '2024-06-07', 16, 'Très beau travail sur les détails'),
(208, 21, '2024-06-10', 13, 'Bon équilibre, quelques faiblesses techniques'),
(209, 23, '2024-06-14', 19, 'Œuvre presque parfaite, grande sensibilité'),
(210, 25, '2024-06-17', 11, 'Effort visible mais technique à améliorer'),
(211, 27, '2024-06-20', 17, 'Très belle expression, bonne dynamique'),
(212, 30, '2024-06-24', 14, 'Bonne composition, équilibre correct'),
(213, 33, '2024-06-27', 9, 'Concept prometteur mais réalisation moyenne'),
(214, 36, '2024-06-30', 15, 'Belle maîtrise des ombres et lumières'),
(215, 40, '2024-07-01', 12, 'Rendu correct, manque d originalité'),
(216, 1, '2024-07-01', 18, 'Excellent travail, grande précision'),
(217, 2, '2024-09-03', 10, 'Composition intéressante mais exécution limitée'),
(218, 3, '2024-09-04', 16, 'Très bonne perspective, expression réussie'),
(219, 6, '2024-09-06', 13, 'Bon travail d ensemble, quelques imprécisions'),
(220, 8, '2024-09-08', 19, 'Œuvre remarquable, grande maîtrise'),
(221, 9, '2024-09-09', 11, 'Effort notable mais manque de finition'),
(222, 13, '2024-09-11', 17, 'Très belle maîtrise des contrastes'),
(223, 15, '2024-09-12', 14, 'Bonne composition, bonnes proportions'),
(224, 17, '2024-09-13', 8, 'Idée originale mais difficultés d exécution'),
(225, 18, '2024-09-15', 15, 'Belle harmonie des couleurs, bonne technique'),
(226, 19, '2024-09-16', 12, 'Composition correcte, exécution moyenne'),
(227, 20, '2024-09-18', 18, 'Excellent travail, grande maîtrise technique'),
(228, 21, '2024-09-19', 10, 'Idée intéressante mais manque de cohérence'),
(229, 23, '2024-09-20', 16, 'Très beau travail sur les textures'),
(230, 25, '2024-09-21', 13, 'Bon équilibre, quelques faiblesses techniques'),
(231, 27, '2024-09-22', 19, 'Œuvre presque parfaite, grande sensibilité'),
(232, 30, '2024-09-23', 11, 'Effort visible mais technique à améliorer'),
(233, 33, '2024-09-24', 17, 'Très belle expression, détails soignés'),
(234, 36, '2024-09-25', 14, 'Bonne composition, équilibre correct'),
(235, 40, '2024-09-26', 9, 'Concept prometteur mais réalisation moyenne'),
(236, 1, '2024-09-27', 15, 'Belle technique, bons choix chromatiques'),
(237, 2, '2024-09-28', 12, 'Rendu correct, manque d originalité'),
(238, 3, '2024-09-29', 18, 'Excellent travail, grande précision'),
(239, 6, '2024-09-30', 10, 'Composition intéressante mais exécution limitée'),
(240, 8, '2024-10-01', 16, 'Très bonne perspective, bonne dynamique'),
(241, 9, '2024-09-03', 13, 'Bon travail d ensemble, quelques imprécisions'),
(242, 13, '2024-09-05', 19, 'Œuvre remarquable, grande sensibilité artistique'),
(243, 15, '2024-09-07', 11, 'Effort notable mais manque de finition'),
(244, 17, '2024-09-10', 17, 'Très belle maîtrise technique, expressif'),
(245, 18, '2024-09-14', 14, 'Bonne composition, proportions justes'),
(246, 19, '2024-09-17', 8, 'Idée originale mais difficultés techniques'),
(247, 20, '2024-09-20', 15, 'Belle harmonie des couleurs, bonnes proportions'),
(248, 21, '2024-09-24', 12, 'Composition correcte, manque de dynamisme'),
(249, 23, '2024-09-27', 18, 'Excellent travail, grande maîtrise du sujet'),
(250, 25, '2024-09-30', 10, 'Idée intéressante mais manque de cohérence'),
(251, 27, '2024-10-01', 16, 'Très beau travail sur les détails'),
(252, 30, '2024-10-01', 13, 'Bon équilibre, quelques faiblesses techniques'),
(253, 33, '2024-12-03', 19, 'Œuvre presque parfaite, grande sensibilité'),
(254, 36, '2024-12-04', 11, 'Effort visible mais technique à améliorer'),
(255, 40, '2024-12-06', 17, 'Très belle expression, bonne dynamique'),
(256, 1, '2024-12-08', 14, 'Bonne composition, équilibre correct'),
(257, 2, '2024-12-09', 9, 'Concept prometteur mais réalisation moyenne'),
(258, 3, '2024-12-11', 15, 'Belle maîtrise des ombres et lumières'),
(259, 6, '2024-12-12', 12, 'Rendu correct, manque d originalité'),
(260, 8, '2024-12-13', 18, 'Excellent travail, grande précision'),
(261, 9, '2024-12-15', 10, 'Composition intéressante mais exécution limitée'),
(262, 13, '2024-12-16', 16, 'Très bonne perspective, expression réussie'),
(263, 15, '2024-12-18', 13, 'Bon travail d ensemble, quelques imprécisions'),
(264, 17, '2024-12-19', 19, 'Œuvre remarquable, grande maîtrise'),
(265, 18, '2024-12-20', 11, 'Effort notable mais manque de finition'),
(266, 19, '2024-12-21', 17, 'Très belle maîtrise des contrastes'),
(267, 20, '2024-12-22', 14, 'Bonne composition, bonnes proportions'),
(268, 21, '2024-12-23', 8, 'Idée originale mais difficultés d exécution'),
(269, 23, '2024-12-24', 15, 'Belle harmonie des couleurs, bonne technique'),
(270, 25, '2024-12-25', 12, 'Composition correcte, exécution moyenne'),
(271, 27, '2024-12-26', 18, 'Excellent travail, grande maîtrise technique'),
(272, 30, '2024-12-27', 10, 'Idée intéressante mais manque de cohérence'),
(273, 33, '2024-12-28', 16, 'Très beau travail sur les textures'),
(274, 36, '2024-12-29', 13, 'Bon équilibre, quelques faiblesses techniques'),
(275, 40, '2024-12-30', 19, 'Œuvre presque parfaite, grande sensibilité'),
(276, 1, '2024-12-31', 11, 'Effort visible mais technique à améliorer'),
(277, 2, '2025-01-01', 17, 'Très belle expression, détails soignés'),
(278, 3, '2024-12-03', 14, 'Bonne composition, équilibre correct'),
(279, 6, '2024-12-05', 9, 'Concept prometteur mais réalisation moyenne'),
(280, 8, '2024-12-07', 15, 'Belle technique, bons choix chromatiques'),
(281, 9, '2024-12-10', 12, 'Rendu correct, manque d originalité'),
(282, 13, '2024-12-14', 18, 'Excellent travail, grande précision'),
(283, 15, '2024-12-17', 10, 'Composition intéressante mais exécution limitée'),
(284, 17, '2024-12-20', 16, 'Très bonne perspective, bonne dynamique'),
(285, 18, '2024-12-24', 13, 'Bon travail d ensemble, quelques imprécisions'),
(286, 19, '2024-12-27', 19, 'Œuvre remarquable, grande sensibilité artistique'),
(287, 20, '2024-12-30', 11, 'Effort notable mais manque de finition'),
(288, 21, '2025-01-01', 17, 'Très belle maîtrise technique, expressif');


INSERT INTO MembreJury (numConcours, numEvaluateur) VALUES
(1, 1), (1, 2), (1, 3), (1, 6), (1, 8), (1, 9), (1, 13), (1, 15), (1, 17), (1, 18), (1, 19), (1, 20), (1, 21), (1, 23), (1, 25), (1, 27), (1, 30), (1, 33), (1, 36), (1, 40),
(2, 1), (2, 2), (2, 3), (2, 6), (2, 8), (2, 9), (2, 13), (2, 15), (2, 17), (2, 18), (2, 19), (2, 20), (2, 21), (2, 23), (2, 25), (2, 27), (2, 30), (2, 33), (2, 36), (2, 40),
(3, 1), (3, 2), (3, 3), (3, 6), (3, 8), (3, 9), (3, 13), (3, 15), (3, 17), (3, 18), (3, 19), (3, 20), (3, 21), (3, 23), (3, 25), (3, 27), (3, 30), (3, 33), (3, 36), (3, 40),
(4, 1), (4, 2), (4, 3), (4, 6), (4, 8), (4, 9), (4, 13), (4, 15), (4, 17), (4, 18), (4, 19), (4, 20), (4, 21), (4, 23), (4, 25), (4, 27), (4, 30), (4, 33), (4, 36), (4, 40),
(5, 1), (5, 2), (5, 3), (5, 6), (5, 8), (5, 9), (5, 13), (5, 15), (5, 17), (5, 18), (5, 19), (5, 20), (5, 21), (5, 23), (5, 25), (5, 27), (5, 30), (5, 33), (5, 36), (5, 40),
(6, 1), (6, 2), (6, 3), (6, 6), (6, 8), (6, 9), (6, 13), (6, 15), (6, 17), (6, 18), (6, 19), (6, 20), (6, 21), (6, 23), (6, 25), (6, 27), (6, 30), (6, 33), (6, 36), (6, 40),
(7, 1), (7, 2), (7, 3), (7, 6), (7, 8), (7, 9), (7, 13), (7, 15), (7, 17), (7, 18), (7, 19), (7, 20), (7, 21), (7, 23), (7, 25), (7, 27), (7, 30), (7, 33), (7, 36), (7, 40),
(8, 1), (8, 2), (8, 3), (8, 6), (8, 8), (8, 9), (8, 13), (8, 15), (8, 17), (8, 18), (8, 19), (8, 20), (8, 21), (8, 23), (8, 25), (8, 27), (8, 30), (8, 33), (8, 36), (8, 40);